{
  "blockId": "vigydzZTiuQKzblnlMsJF",
  "name": "auth_be_shared",
  "type": "shared-fn",
  "source": {
    "https": "https://github.com/neoito-hub/auth.git",
    "ssh": "git@github.com:neoito-hub/auth.git",
    "branch": "block_auth_be_shared"
  },
  "parentBlockIDs": [
    "u1xRbbdYB-G3Vp0oFeF7y"
  ],
  "repoType": "mono",
  "language": "nodejs",
  "supportedAppblockVersions": [
    "1.0.0"
  ],
  "isPublic": true,
  "start": "node index.js",
  "version": "0.0.1",
  "versionId": "T7SlXsTHPie0a7wj9iF9o"
}