{
  "blockId": "DvgykshqdaC-6DzI4_ZMn",
  "name": "auth_fe_container",
  "type": "ui-container",
  "source": {
    "https": "https://github.com/neoito-hub/auth.git",
    "ssh": "git@github.com:neoito-hub/auth.git",
    "branch": "block_auth_fe_container"
  },
  "parentBlockIDs": [
    "u1xRbbdYB-G3Vp0oFeF7y"
  ],
  "repoType": "mono",
  "language": "js",
  "supportedAppblockVersions": [
    "1.0.0"
  ],
  "isPublic": true,
  "start": "npx webpack-dev-server",
  "build": "npx webpack",
  "version": "0.0.1",
  "versionId": "5kvhdZFdDz1goibR17Y-l"
}