{
  "blockId": "YzZFAsGgOWZCs7uM5JsUn",
  "name": "auth_fe_verify_email",
  "type": "ui-elements",
  "source": {
    "https": "https://github.com/neoito-hub/auth.git",
    "ssh": "git@github.com:neoito-hub/auth.git",
    "branch": "block_auth_fe_verify_email"
  },
  "parentBlockIDs": [
    "u1xRbbdYB-G3Vp0oFeF7y"
  ],
  "repoType": "mono",
  "language": "js",
  "supportedAppblockVersions": [
    "1.0.0"
  ],
  "isPublic": true,
  "start": "npx webpack-dev-server",
  "build": "npx webpack",
  "version": "0.0.1",
  "versionId": "YCaQzUQ92yYc9-G4wMHiK"
}