{
  "blockId": "s8bHOg8gZraB2gmVXBvka",
  "name": "auth_fe_login",
  "type": "ui-elements",
  "source": {
    "https": "https://github.com/neoito-hub/auth.git",
    "ssh": "git@github.com:neoito-hub/auth.git",
    "branch": "block_auth_fe_login"
  },
  "parentBlockIDs": [
    "u1xRbbdYB-G3Vp0oFeF7y"
  ],
  "repoType": "mono",
  "language": "js",
  "supportedAppblockVersions": [
    "1.0.0"
  ],
  "isPublic": true,
  "start": "npx webpack-dev-server",
  "build": "npx webpack",
  "version": "0.0.1",
  "versionId": "h-uQp2aiL5ZFwW_C7Y9Uy"
}